week_start_date,week_end_date,epi_year,epi_week,suspected_cases,confirmed_cases,probable_cases,deaths,extraction_method,extraction_timestamp,report_pdf_url
2019-12-30,2020-01-05,2020,1,98,18,0,2,manual,2025-12-01T02:00,https://ncdc.gov.ng/themes/common/files/sitreps/51a4dba0f66b926a46a6ed769617f131.pdf
2020-01-06,2020-01-12,2020,2,158,64,0,12,manual,2025-12-01T02:00,https://ncdc.gov.ng/themes/common/files/sitreps/86960b34bd33ac09ceb148276d74aa9c.pdf
2020-01-13,2020-01-19,2020,3,159,81,0,10,manual,2025-12-01T02:00,https://ncdc.gov.ng/themes/common/files/sitreps/f781e8e072592b37f51a19723a01cbba.pdf
2020-01-20,2020-01-26,2020,4,318,95,3,19,automated,2025-12-01T01:08:42.783211,https://ncdc.gov.ng/themes/common/files/sitreps/9f755119d0c6e28f2747ace79a1bb4f8.pdf
2020-01-27,2020-02-02,2020,5,531,104,0,6,automated,2025-12-01T01:08:43.217629,https://ncdc.gov.ng/themes/common/files/sitreps/5d40f81a06701616c6d36bd9ae220863.pdf
2020-02-03,2020-02-09,2020,6,482,109,1,8,automated,2025-12-01T01:08:43.648010,https://ncdc.gov.ng/themes/common/files/sitreps/4815dcdd3549625788c318b9e176bf58.pdf
2020-02-10,2020-02-16,2020,7,471,115,3,18,automated,2025-12-01T01:08:44.339493,https://ncdc.gov.ng/themes/common/files/sitreps/6972c8ce98679587edf51016e9ab4051.pdf
2020-02-17,2020-02-23,2020,8,456,102,0,13,automated,2025-12-01T01:08:44.750098,https://ncdc.gov.ng/themes/common/files/sitreps/eb959088c813beb00dd33053ca3a771b.pdf
2020-02-24,2020-03-01,2020,9,421,85,0,11,automated,2025-12-01T01:08:45.253026,https://ncdc.gov.ng/themes/common/files/sitreps/200c8e605d760e107ac9b55bd6c15955.pdf
2020-03-02,2020-03-08,2020,10,364,81,2,9,automated,2025-12-01T01:08:45.667156,https://ncdc.gov.ng/themes/common/files/sitreps/f9c5b3d7327f20c15c3916ff5514fb14.pdf
2020-03-09,2020-03-15,2020,11,319,51,0,9,automated,2025-12-01T01:08:46.070968,https://ncdc.gov.ng/themes/common/files/sitreps/bfd8f028748ff5ded5edc9c25308fdad.pdf
2020-03-16,2020-03-22,2020,12,279,28,0,3,automated,2025-12-01T01:08:46.578940,https://ncdc.gov.ng/themes/common/files/sitreps/df5a2a33c3d6ced01047f8094e3cfe51.pdf
2020-03-23,2020-03-29,2020,13,182,19,0,1,automated,2025-12-01T01:08:46.993649,https://ncdc.gov.ng/themes/common/files/sitreps/5b04a2042a0ed671d7b75c4aab034ac5.pdf
2020-03-30,2020-04-05,2020,14,93,12,0,3,automated,2025-12-01T01:08:47.397808,https://ncdc.gov.ng/themes/common/files/sitreps/33e35c8e4838463b1590a681c01dd17a.pdf
2020-04-06,2020-04-12,2020,15,99,10,0,0,automated,2025-12-01T01:08:47.912077,https://ncdc.gov.ng/themes/common/files/sitreps/85003e882698f28e84669b7b434bbe25.pdf
2020-04-13,2020-04-19,2020,16,89,6,0,0,automated,2025-12-01T01:08:48.330247,https://ncdc.gov.ng/themes/common/files/sitreps/45e869f38d46ffa4fbb5fa3ef4b7d261.pdf
2020-04-20,2020-04-26,2020,17,83,8,0,0,automated,2025-12-01T01:08:48.764910,https://ncdc.gov.ng/themes/common/files/sitreps/ff1dd756935ebe6eec59c163a1c5f5bf.pdf
2020-04-27,2020-05-03,2020,18,64,5,0,2,automated,2025-12-01T01:08:49.301820,https://ncdc.gov.ng/themes/common/files/sitreps/7eea856fb051a22e6a05bb223d05da24.pdf
2020-05-04,2020-05-10,2020,19,72,9,0,1,automated,2025-12-01T01:08:49.731436,https://ncdc.gov.ng/themes/common/files/sitreps/ff64823449ff3e26bfe83e43b2235af4.pdf
2020-05-11,2020-05-17,2020,20,68,6,0,1,automated,2025-12-01T01:08:50.158575,https://ncdc.gov.ng/themes/common/files/sitreps/06257994ca1e2cdd0a35d71f29d40dbd.pdf
2020-05-18,2020-05-24,2020,21,80,9,0,2,automated,2025-12-01T01:08:50.677082,https://ncdc.gov.ng/themes/common/files/sitreps/3068001f2d774a60b220ff83edcbd026.pdf
2020-05-25,2020-05-31,2020,22,73,6,0,0,automated,2025-12-01T01:08:51.079164,https://ncdc.gov.ng/themes/common/files/sitreps/fdd6a45aaf14bcde402b723faa79bbde.pdf
2020-06-01,2020-06-07,2020,23,91,5,0,0,automated,2025-12-01T01:08:51.640024,https://ncdc.gov.ng/themes/common/files/sitreps/0712913a0a2d4756c89fb5bc5bda636e.pdf
2020-06-08,2020-06-14,2020,24,74,5,0,2,automated,2025-12-01T01:08:52.207343,https://ncdc.gov.ng/themes/common/files/sitreps/ae42c89910b9085a1f55c69b65e18f39.pdf
2020-06-15,2020-06-21,2020,25,55,5,0,2,automated,2025-12-01T01:08:53.285639,https://ncdc.gov.ng/themes/common/files/sitreps/e564228244eae79b541b01b452121d7a.pdf
2020-06-22,2020-06-28,2020,26,67,4,0,2,automated,2025-12-01T01:08:53.737120,https://ncdc.gov.ng/themes/common/files/sitreps/433bee475c42212be62eb375369dae44.pdf
2020-06-29,2020-07-05,2020,27,52,3,0,0,automated,2025-12-01T01:08:54.291914,https://ncdc.gov.ng/themes/common/files/sitreps/5287809b9dfc61b9cbdcb11154990136.pdf
2020-07-06,2020-07-12,2020,28,33,3,0,0,automated,2025-12-01T01:08:54.727360,https://ncdc.gov.ng/themes/common/files/sitreps/5840d0f858f4c69977013ff849631eeb.pdf
2020-07-13,2020-07-19,2020,29,80,5,0,1,automated,2025-12-01T01:08:55.879186,https://ncdc.gov.ng/themes/common/files/sitreps/6368e49d4561e0e029d28a7a64261e30.pdf
2020-07-20,2020-07-26,2020,30,26,0,0,0,automated,2025-12-01T01:08:56.948231,https://ncdc.gov.ng/themes/common/files/sitreps/204cb90a1386589e37e87dbbc0d07fcb.pdf
2020-07-27,2020-08-02,2020,31,46,3,0,1,automated,2025-12-01T01:08:57.395524,https://ncdc.gov.ng/themes/common/files/sitreps/933bc928fd287705a7734d7b110e1319.pdf
2020-08-03,2020-08-09,2020,32,56,6,0,0,automated,2025-12-01T01:08:57.950703,https://ncdc.gov.ng/themes/common/files/sitreps/861ff4b89f3ca0c716b2ea93db01c8be.pdf
2020-08-10,2020-08-16,2020,33,33,1,0,0,automated,2025-12-01T01:08:59.029395,https://ncdc.gov.ng/themes/common/files/sitreps/23bd16a099cb5c393204b744e5a06224.pdf
2020-08-17,2020-08-23,2020,34,47,11,0,3,automated,2025-12-01T01:09:00.099579,https://ncdc.gov.ng/themes/common/files/sitreps/ee7f9cf53ae0e4f1b696c2f4cf3eb0f9.pdf
2020-08-24,2020-08-30,2020,35,27,2,0,0,automated,2025-12-01T01:09:01.135465,https://ncdc.gov.ng/themes/common/files/sitreps/3c70af0c8c9d636758c5d15211a39924.pdf
2020-08-31,2020-09-06,2020,36,46,4,0,0,automated,2025-12-01T01:09:02.539207,https://ncdc.gov.ng/themes/common/files/sitreps/bd3b8ca5da6281d19da7c93f877370fb.pdf
2020-09-07,2020-09-13,2020,37,47,6,0,0,automated,2025-12-01T01:09:03.604836,https://ncdc.gov.ng/themes/common/files/sitreps/0c0860d1aea6c026f30745da39f02b3a.pdf
2020-09-14,2020-09-20,2020,38,11,4,0,1,automated,2025-12-01T01:09:04.661144,https://ncdc.gov.ng/themes/common/files/sitreps/b19d831d8a94e7d28a836805f9173816.pdf
2020-09-21,2020-09-27,2020,39,41,7,0,1,automated,2025-12-01T01:09:05.233586,https://ncdc.gov.ng/themes/common/files/sitreps/46ae3c66dda6ddf9248133d1c6aec38d.pdf
2020-09-28,2020-10-04,2020,40,38,3,0,0,automated,2025-12-01T01:09:05.685113,https://ncdc.gov.ng/themes/common/files/sitreps/ea10486a906cda5a784574e478b97796.pdf
2020-10-05,2020-10-11,2020,41,53,5,0,1,automated,2025-12-01T01:09:06.249364,https://ncdc.gov.ng/themes/common/files/sitreps/9345550e94fde0e82a59890a629f337f.pdf
2020-10-12,2020-10-18,2020,42,94,13,0,2,automated,2025-12-01T01:09:07.338010,https://ncdc.gov.ng/themes/common/files/sitreps/54ae59992d41e817b2bc8cfc8a906f60.pdf
2020-10-19,2020-10-25,2020,43,51,3,0,2,automated,2025-12-01T01:09:08.397645,https://ncdc.gov.ng/themes/common/files/sitreps/72d8e54d9457c0c9c1ad4898afc4d9b2.pdf
2020-10-26,2020-11-01,2020,44,79,11,0,1,automated,2025-12-01T01:09:09.004650,https://ncdc.gov.ng/themes/common/files/sitreps/8f6f7620f80b00174b33141eafe06708.pdf
2020-11-02,2020-11-08,2020,45,98,5,0,1,automated,2025-12-01T01:09:09.470189,https://ncdc.gov.ng/themes/common/files/sitreps/d4dcd9dba6982e0a7585210a08a080b1.pdf
2020-11-09,2020-11-15,2020,46,91,2,0,1,automated,2025-12-01T01:09:09.927148,https://ncdc.gov.ng/themes/common/files/sitreps/dd9b1eae3ebccc3e8ed1e661714e64bb.pdf
2020-11-16,2020-11-22,2020,47,81,10,0,2,automated,2025-12-01T01:09:10.515067,https://ncdc.gov.ng/themes/common/files/sitreps/ada51ed1a830ca066835be3c73e044e1.pdf
2020-11-23,2020-11-29,2020,48,133,6,0,2,automated,2025-12-01T01:09:10.982097,https://ncdc.gov.ng/themes/common/files/sitreps/1bc774068e49f60c3bda00326b5212e8.pdf
2020-11-30,2020-12-06,2020,49,69,4,0,1,automated,2025-12-01T01:09:11.436181,https://ncdc.gov.ng/themes/common/files/sitreps/9c78f0a1760b2aa746cba5e57e8a96d3.pdf
2020-12-07,2020-12-13,2020,50,55,5,0,1,automated,2025-12-01T01:09:12.021948,https://ncdc.gov.ng/themes/common/files/sitreps/9e736ef44109c9befec3c74b5bc65acb.pdf
2020-12-14,2020-12-20,2020,51,78,12,0,1,automated,2025-12-01T01:09:12.482548,https://ncdc.gov.ng/themes/common/files/sitreps/37fdd6ca1b9af4eda025c6d77621f974.pdf
2020-12-21,2020-12-27,2020,52,64,6,0,1,automated,2025-12-01T01:09:13.042644,https://ncdc.gov.ng/themes/common/files/sitreps/e9cf6841a83cdfdef7d73200813b9126.pdf
2020-12-28,2021-01-03,2020,53,59,8,0,0,automated,2025-12-01T01:09:13.498779,https://ncdc.gov.ng/themes/common/files/sitreps/ba1e917c531710377786f683ef4aaec4.pdf
2021-01-04,2021-01-10,2021,1,109,9,0,2,automated,2025-12-01T01:09:13.903540,https://ncdc.gov.ng/themes/common/files/sitreps/a8a7ba608cb9ece9f7ae94f0d82c92ba.pdf
2021-01-11,2021-01-17,2021,2,117,14,0,2,automated,2025-12-01T01:09:14.455947,https://ncdc.gov.ng/themes/common/files/sitreps/08b46a5b29d97b5f05b18b61c86df831.pdf
2021-01-18,2021-01-24,2021,3,129,17,0,3,automated,2025-12-01T01:09:14.882642,https://ncdc.gov.ng/themes/common/files/sitreps/33ea6c312866a2f8e4aaddfce6134410.pdf
2021-01-25,2021-01-31,2021,4,153,14,0,2,automated,2025-12-01T01:09:15.323012,https://ncdc.gov.ng/themes/common/files/sitreps/3958e99166731cfd156c2b8bd9929d63.pdf
2021-02-01,2021-02-07,2021,5,107,12,0,1,automated,2025-12-01T01:09:15.879729,https://ncdc.gov.ng/themes/common/files/sitreps/70d2d684ecee7f5a1e0da7393c71bc7d.pdf
2021-02-08,2021-02-14,2021,6,91,17,0,6,automated,2025-12-01T01:09:16.322012,https://ncdc.gov.ng/themes/common/files/sitreps/371cec74c12cce698b57e8e4ee2d1509.pdf
2021-02-15,2021-02-21,2021,7,113,19,1,3,automated,2025-12-01T01:09:16.760273,https://ncdc.gov.ng/themes/common/files/sitreps/e9dabfb69df15c83bfefebe6af9ec979.pdf
2021-02-22,2021-02-28,2021,8,140,34,0,6,automated,2025-12-01T01:09:17.323422,https://ncdc.gov.ng/themes/common/files/sitreps/7a08ab0eb126f2bd63b04a8a4b719af7.pdf
2021-03-01,2021-03-07,2021,9,107,25,0,1,automated,2025-12-01T01:09:17.768008,https://ncdc.gov.ng/themes/common/files/sitreps/17722edeee231beca8410e1369a2871c.pdf
2021-03-08,2021-03-14,2021,10,145,30,0,6,automated,2025-12-01T01:09:18.213214,https://ncdc.gov.ng/themes/common/files/sitreps/703d197b77c61a7a4bd614176dabc7be.pdf
2021-03-15,2021-03-21,2021,11,136,32,0,4,automated,2025-12-01T01:09:18.809751,https://ncdc.gov.ng/themes/common/files/sitreps/a6406cb25fb59297502e8df9723f1e2d.pdf
2021-03-22,2021-03-28,2021,12,84,7,0,3,automated,2025-12-01T01:09:19.253986,https://ncdc.gov.ng/themes/common/files/sitreps/ff0ab3eed6171a39c6cc1ac27f4c4e0e.pdf
2021-03-29,2021-04-04,2021,13,78,3,1,0,automated,2025-12-01T01:09:19.682519,https://ncdc.gov.ng/themes/common/files/sitreps/6940c4e9aaa5b50c850d06e6e316cd3b.pdf
2021-04-05,2021-04-11,2021,14,43,8,0,1,automated,2025-12-01T01:09:20.873236,https://ncdc.gov.ng/themes/common/files/sitreps/f70238f6814fb0a9ce3bce722b95d531.pdf
2021-04-12,2021-04-18,2021,15,43,6,0,0,manual,2025-12-01T02:00,https://ncdc.gov.ng/themes/common/files/sitreps/738f70cd711126a22f6b8bfab74c9291.pdf
2021-04-19,2021-04-25,2021,16,59,7,0,2,automated,2025-12-01T01:09:21.751506,https://ncdc.gov.ng/themes/common/files/sitreps/36bc7b8fc84d0bd479ff9c32fb4330ce.pdf
2021-04-26,2021-05-02,2021,17,73,8,0,3,automated,2025-12-01T01:09:22.319809,https://ncdc.gov.ng/themes/common/files/sitreps/86f05790ddc7496c9219ac010c43a89d.pdf
2021-05-03,2021-05-09,2021,18,61,10,0,0,automated,2025-12-01T01:09:23.391585,https://ncdc.gov.ng/themes/common/files/sitreps/b8a2ea2b968baa51a33283283541d84d.pdf
2021-05-10,2021-05-16,2021,19,61,1,0,1,automated,2025-12-01T01:09:24.451052,https://ncdc.gov.ng/themes/common/files/sitreps/4dc61da14fcfc706685f0745721cd385.pdf
2021-05-17,2021-05-23,2021,20,83,8,0,0,automated,2025-12-01T01:09:25.612862,https://ncdc.gov.ng/themes/common/files/sitreps/869a249757695124454a95d50e65dfde.pdf
2021-05-24,2021-05-30,2021,21,56,5,0,0,manual,2025-12-01T12:00,https://ncdc.gov.ng/reports/weekly/2021/5/21
2021-05-31,2021-06-06,2021,22,52,6,0,1,mixed,2025-12-01T01:09:26.826836,https://ncdc.gov.ng/themes/common/files/sitreps/0b82746f04c2ebc74cc122315d937e5e.pdf
2021-06-07,2021-06-13,2021,23,60,4,0,1,manual,2025-12-01T12:00,https://ncdc.gov.ng/reports/weekly/2021/6/23
2021-06-14,2021-06-20,2021,24,70,6,0,2,manual,2025-12-01T12:00,https://ncdc.gov.ng/reports/weekly/2021/6/24
2021-06-21,2021-06-27,2021,25,65,13,0,1,manual,2025-12-01T02:00,https://ncdc.gov.ng/themes/common/files/sitreps/770af52a25180658cd4a9d38f88cf535.pdf
2021-06-28,2021-07-04,2021,26,67,3,0,0,automated,2025-12-01T01:09:28.556093,https://ncdc.gov.ng/themes/common/files/sitreps/5340117f36d4beccd7b40f333c5ad03c.pdf
2021-07-05,2021-07-11,2021,27,69,7,0,4,automated,2025-12-01T01:09:29.625306,https://ncdc.gov.ng/themes/common/files/sitreps/a20a6f9546156d1bc24b1105391ab6f0.pdf
2021-07-12,2021-07-18,2021,28,70,5,0,0,automated,2025-12-01T01:09:30.679733,https://ncdc.gov.ng/themes/common/files/sitreps/60b8830aedc16253fc0ae930e19006d2.pdf
2021-07-19,2021-07-25,2021,29,66,4,0,1,manual,2025-12-01T02:00,https://ncdc.gov.ng/themes/common/files/sitreps/5bfb71f4ee32f0f5d4352ee0fd5df93f.pdf
2021-07-26,2021-08-01,2021,30,113,12,0,0,manual,2025-12-01T12:00,https://ncdc.gov.ng/reports/weekly/2021/7/30
2021-08-02,2021-08-08,2021,31,65,4,0,1,automated,2025-12-01T01:09:32.894451,https://ncdc.gov.ng/themes/common/files/sitreps/5a05b9790d25b163434660508ae387d9.pdf
2021-08-09,2021-08-15,2021,32,46,4,0,2,manual,2025-12-01T12:00,https://ncdc.gov.ng/reports/weekly/2021/8/32
2021-08-16,2021-08-22,2021,33,58,2,0,0,automated,2025-12-01T01:09:33.960899,https://ncdc.gov.ng/themes/common/files/sitreps/b2b26b5fba7c670823ef6f8183b8fa89.pdf
2021-08-23,2021-08-29,2021,34,83,9,0,0,automated,2025-12-01T01:09:34.520500,https://ncdc.gov.ng/themes/common/files/sitreps/6e94340ea56cffc0bcb29c15518abf02.pdf
2021-08-30,2021-09-05,2021,35,74,0,0,0,automated,2025-12-01T01:09:34.967337,https://ncdc.gov.ng/themes/common/files/sitreps/6ffc8c649cd99faf470d3ea3b0a1ca33.pdf
2021-09-06,2021-09-12,2021,36,60,4,0,3,automated,2025-12-01T01:09:35.412198,https://ncdc.gov.ng/themes/common/files/sitreps/59cfe717859ae0966137b2272ccec170.pdf
2021-09-13,2021-09-19,2021,37,73,1,0,0,automated,2025-12-01T01:09:36.561085,https://ncdc.gov.ng/themes/common/files/sitreps/3eb8f2c997c5c7ff632ec4e4c0519fea.pdf
2021-09-20,2021-09-26,2021,38,71,9,0,1,automated,2025-12-01T01:09:37.619901,https://ncdc.gov.ng/themes/common/files/sitreps/15c7cc4764d8efea1f3fef58b5921072.pdf
2021-09-27,2021-10-03,2021,39,51,3,0,0,automated,2025-12-01T01:09:38.069539,https://ncdc.gov.ng/themes/common/files/sitreps/842332eefa12f791b84fa44bc0f5e875.pdf
2021-10-04,2021-10-10,2021,40,63,4,0,1,automated,2025-12-01T01:09:39.266308,https://ncdc.gov.ng/themes/common/files/sitreps/cbd34c7bf9d6fb332ea3f7362323a756.pdf
2021-10-11,2021-10-17,2021,41,67,7,0,0,automated,2025-12-01T01:09:40.317218,https://ncdc.gov.ng/themes/common/files/sitreps/13ae2c131dd867209196c070fc4af733.pdf
2021-10-18,2021-10-24,2021,42,81,8,0,0,automated,2025-12-01T01:09:40.786632,https://ncdc.gov.ng/themes/common/files/sitreps/2681e244b622d5ff9173a780f58c27f8.pdf
2021-10-25,2021-10-31,2021,43,77,2,0,0,automated,2025-12-01T01:09:41.956280,https://ncdc.gov.ng/themes/common/files/sitreps/469e2d9cec4485f287ae3c191858b8cc.pdf
2021-11-01,2021-11-07,2021,44,72,7,0,0,automated,2025-12-01T01:09:43.012223,https://ncdc.gov.ng/themes/common/files/sitreps/1fea6bf7eb076c245ec38fec672d29dc.pdf
2021-11-08,2021-11-14,2021,45,113,8,0,0,automated,2025-12-01T01:09:44.066760,https://ncdc.gov.ng/themes/common/files/sitreps/20e9c6641d1eb4956574a780687caf0f.pdf
2021-11-15,2021-11-21,2021,46,108,9,0,1,automated,2025-12-01T01:09:45.239708,https://ncdc.gov.ng/themes/common/files/sitreps/d84af391adcdb747f89ba1fe64c86afe.pdf
2021-11-22,2021-11-28,2021,47,91,3,1,0,automated,2025-12-01T01:09:46.292118,https://ncdc.gov.ng/themes/common/files/sitreps/4e35452c7f16da3d92ad591c6505b2b1.pdf
2021-11-29,2021-12-05,2021,48,84,4,0,0,automated,2025-12-01T01:09:47.499648,https://ncdc.gov.ng/themes/common/files/sitreps/6bf5926f7a053012a5ccf9ce2221107f.pdf
2021-12-06,2021-12-12,2021,49,123,10,1,3,automated,2025-12-01T01:09:48.704303,https://ncdc.gov.ng/themes/common/files/sitreps/54f1969b2dcafe3ee2e81f0a6fad1a55.pdf
2021-12-13,2021-12-19,2021,50,190,10,0,3,automated,2025-12-01T01:09:49.764859,https://ncdc.gov.ng/themes/common/files/sitreps/54f285bdd8e7a0370151c2ff9332c30a.pdf
2021-12-20,2021-12-26,2021,51,193,29,0,3,automated,2025-12-01T01:09:50.834115,https://ncdc.gov.ng/themes/common/files/sitreps/42501f0b7d06dc98ca661f6b7d6b2475.pdf
2021-12-27,2022-01-02,2021,52,174,28,1,3,automated,2025-12-01T01:09:52.172028,https://ncdc.gov.ng/themes/common/files/sitreps/65ad32fe92ed2be30726b44e99204790.pdf
2022-01-03,2022-01-09,2022,1,222,48,0,2,automated,2025-12-01T01:09:52.631342,https://ncdc.gov.ng/themes/common/files/sitreps/5bb9bd8253ba7a0e5bfeba65745aa4d0.pdf
2022-01-10,2022-01-16,2022,2,244,48,0,6,automated,2025-12-01T01:09:53.845516,https://ncdc.gov.ng/themes/common/files/sitreps/6ceb272218282b1f512274b6be61b23f.pdf
2022-01-17,2022-01-23,2022,3,294,74,0,11,automated,2025-12-01T01:09:55.169549,https://ncdc.gov.ng/themes/common/files/sitreps/ca7cbe062e7048afe09abb8f5fb7462e.pdf
2022-01-24,2022-01-30,2022,4,229,42,1,6,automated,2025-12-01T01:09:56.363700,https://ncdc.gov.ng/themes/common/files/sitreps/ddab50523c797ce540b709deb3a4f289.pdf
2022-01-31,2022-02-06,2022,5,323,58,2,6,automated,2025-12-01T01:09:57.610868,https://ncdc.gov.ng/themes/common/files/sitreps/fa7461057248c075c33e014c4540e91f.pdf
2022-02-07,2022-02-13,2022,6,278,77,1,11,automated,2025-12-01T01:09:59.000900,https://ncdc.gov.ng/themes/common/files/sitreps/bcea6619abaf593569774f1fa5857a8f.pdf
2022-02-14,2022-02-20,2022,7,356,91,0,21,automated,2025-12-01T01:09:59.483248,https://ncdc.gov.ng/themes/common/files/sitreps/e3b89861533e554cef8f3f74d1b6b456.pdf
2022-02-21,2022-02-27,2022,8,441,90,0,12,automated,2025-12-01T01:10:00.580043,https://ncdc.gov.ng/themes/common/files/sitreps/711214a3a9e201ae1f3c367f74092238.pdf
2022-02-28,2022-03-06,2022,9,388,57,0,13,automated,2025-12-01T01:10:01.953485,https://ncdc.gov.ng/themes/common/files/sitreps/f986fad8eefe455bafe36a09ba9ff91a.pdf
2022-03-07,2022-03-13,2022,10,257,33,0,1,automated,2025-12-01T01:10:03.184911,https://ncdc.gov.ng/themes/common/files/sitreps/6c4c9312fe78b9acceb99139dd9a3101.pdf
2022-03-14,2022-03-20,2022,11,233,29,0,6,automated,2025-12-01T01:10:04.427929,https://ncdc.gov.ng/themes/common/files/sitreps/f47cdf05593b9a0bb951f08e03c57aab.pdf
2022-03-21,2022-03-27,2022,12,224,22,0,4,automated,2025-12-01T01:10:05.755217,https://ncdc.gov.ng/themes/common/files/sitreps/9a7fc3d8d318ec2f2d4af3e6cd5a5fd2.pdf
2022-03-28,2022-04-03,2022,13,204,10,3,4,automated,2025-12-01T01:10:06.231044,https://ncdc.gov.ng/themes/common/files/sitreps/5bac5affb8c29a495fa1e8dd39e16862.pdf
2022-04-04,2022-04-10,2022,14,217,24,0,6,manual,2025-12-01T02:00,https://ncdc.gov.ng/themes/common/files/sitreps/c8f7e872450de073e7c2fa77f3d6ad98.pdf
2022-04-11,2022-04-17,2022,15,164,18,0,1,automated,2025-12-01T01:10:07.751805,https://ncdc.gov.ng/themes/common/files/sitreps/7a51cc05fdc15533b15b335b367101f8.pdf
2022-04-18,2022-04-24,2022,16,145,18,0,1,automated,2025-12-01T01:10:09.004058,https://ncdc.gov.ng/themes/common/files/sitreps/e253c7f64c3f7690ea6ba7d77a1d48c9.pdf
2022-04-25,2022-05-01,2022,17,183,8,0,3,automated,2025-12-01T01:10:09.478992,https://ncdc.gov.ng/themes/common/files/sitreps/73c8fd948a8038b2a1afa2fa30ac820c.pdf
2022-05-02,2022-05-08,2022,18,72,3,0,2,automated,2025-12-01T01:10:10.798735,https://ncdc.gov.ng/themes/common/files/sitreps/9c3298f8ecc3e5de9681a251e321d4c7.pdf
2022-05-09,2022-05-15,2022,19,100,8,0,1,manual,2025-12-01T12:00,https://ncdc.gov.ng/reports/weekly/2022/5/19
2022-05-16,2022-05-22,2022,20,99,2,0,1,manual,2025-12-01T12:00,https://ncdc.gov.ng/reports/weekly/2022/5/20
2022-05-23,2022-05-29,2022,21,94,3,1,2,manual,2025-12-01T12:00,https://ncdc.gov.ng/reports/weekly/2022/5/21
2022-05-30,2022-06-05,2022,22,119,7,0,0,manual,2025-12-01T12:00,https://ncdc.gov.ng/reports/weekly/2022/6/22
2022-06-06,2022-06-12,2022,23,70,7,0,0,manual,2025-12-01T12:00,https://ncdc.gov.ng/reports/weekly/2022/6/23
2022-06-13,2022-06-19,2022,24,88,8,0,3,automated,2025-12-01T01:10:12.036560,https://ncdc.gov.ng/themes/common/files/sitreps/317f89c26656c4b549e07e84a720db5b.pdf
2022-06-20,2022-06-26,2022,25,115,10,0,1,automated,2025-12-01T01:10:12.626100,https://ncdc.gov.ng/themes/common/files/sitreps/cf37e8d0a37b3d54d1f71b706d247dbb.pdf
2022-06-27,2022-07-03,2022,26,130,9,0,1,automated,2025-12-01T01:10:13.115165,https://ncdc.gov.ng/themes/common/files/sitreps/8151691e1bec02b190fc0cf735251df1.pdf
2022-07-04,2022-07-10,2022,27,139,13,0,0,mixed,2025-12-01T01:10:15.487997,https://ncdc.gov.ng/themes/common/files/sitreps/d5f1feb28def636218d9e33d7aaf18da.pdf
2022-07-11,2022-07-17,2022,28,107,5,0,2,mixed,2025-12-01T01:10:17.765300,https://ncdc.gov.ng/themes/common/files/sitreps/29d6e61a59695a8fbb13ca2c6941f100.pdf
2022-07-18,2022-07-24,2022,29,134,10,0,2,mixed,2025-12-01T01:10:20.208891,https://ncdc.gov.ng/themes/common/files/sitreps/4363618535397c76bb5343c78f732839.pdf
2022-07-25,2022-07-31,2022,30,100,10,0,0,mixed,2025-12-01T01:10:22.628384,https://ncdc.gov.ng/themes/common/files/sitreps/719967b7af84e3a06b4d778d2a2d85de.pdf
2022-08-01,2022-08-07,2022,31,136,13,0,1,mixed,2025-12-01T01:10:25.019812,https://ncdc.gov.ng/themes/common/files/sitreps/7045e300e240d8f8dde0c80265ca44ca.pdf
2022-08-08,2022-08-14,2022,32,178,9,0,3,automated,2025-12-01T01:10:25.447439,https://ncdc.gov.ng/themes/common/files/sitreps/6f284222e59d82cc64966cac5e676fac.pdf
2022-08-15,2022-08-21,2022,33,88,5,0,0,automated,2025-12-01T01:10:25.923404,https://ncdc.gov.ng/themes/common/files/sitreps/fe48059427a8316a8f7eed00c4ae9072.pdf
2022-08-22,2022-08-28,2022,34,79,5,0,0,manual,2025-12-01T02:00,https://ncdc.gov.ng/themes/common/files/sitreps/cb93e03cc45a3f9526a24937d5d7f05f.pdf
2022-08-29,2022-09-04,2022,35,76,10,0,1,manual,2025-12-01T02:00,https://ncdc.gov.ng/themes/common/files/sitreps/b09fa34beb6af7734ac9299a0788787f.pdf
2022-09-05,2022-09-11,2022,36,113,8,0,1,manual,2025-12-01T02:00,https://ncdc.gov.ng/themes/common/files/sitreps/923449d0b48c877e06a076672f56d13c.pdf
2022-09-12,2022-09-18,2022,37,70,6,0,0,automated,2025-12-01T01:10:33.757472,https://ncdc.gov.ng/themes/common/files/sitreps/468f23dd6295bef0b20be899b30c1f48.pdf
2022-09-19,2022-09-25,2022,38,37,6,0,1,manual,2025-12-01T02:00,https://ncdc.gov.ng/themes/common/files/sitreps/8281ba93277b0158aeb259d7deae41d7.pdf
2022-09-26,2022-10-02,2022,39,85,4,0,1,automated,2025-12-01T01:10:36.612228,https://ncdc.gov.ng/themes/common/files/sitreps/4cf724df697275485b8f5a572f4f68d6.pdf
2022-10-03,2022-10-09,2022,40,29,4,0,0,automated,2025-12-01T01:10:37.019051,https://ncdc.gov.ng/themes/common/files/sitreps/d0b0407709bf491fd2c6c96b45ca54f3.pdf
2022-10-10,2022-10-16,2022,41,97,4,0,0,automated,2025-12-01T01:10:37.433449,https://ncdc.gov.ng/themes/common/files/sitreps/6656e969beffd967c893a2561c1ce986.pdf
2022-10-17,2022-10-23,2022,42,95,7,0,0,manual,2025-12-01T02:00,https://ncdc.gov.ng/themes/common/files/sitreps/3f8001e5b584fcb8f04f86b7a60e6c2f.pdf
2022-10-24,2022-10-30,2022,43,108,10,0,1,manual,2025-12-01T02:00,https://ncdc.gov.ng/themes/common/files/sitreps/710334ae407a503a56351d3a73b920c0.pdf
2022-10-31,2022-11-06,2022,44,110,17,0,0,automated,2025-12-01T01:10:42.814967,https://ncdc.gov.ng/themes/common/files/sitreps/a57f1ae5042f7df5062900925ad193d0.pdf
2022-11-07,2022-11-13,2022,45,96,10,0,0,manual,2025-12-01T02:00,https://ncdc.gov.ng/themes/common/files/sitreps/bd9ca86748da7c3e9a48442f34101fd0.pdf
2022-11-14,2022-11-20,2022,46,103,4,0,1,manual,2025-12-01T02:00,https://ncdc.gov.ng/themes/common/files/sitreps/71eb538ce668c9b12aa778b11af04c7e.pdf
2022-11-21,2022-11-27,2022,47,98,4,0,0,manual,2025-12-01T02:00,https://ncdc.gov.ng/themes/common/files/sitreps/009dce0e9448bfe86551e69fb17bd1af.pdf
2022-11-28,2022-12-04,2022,48,171,22,0,3,manual,2025-12-01T02:00,https://ncdc.gov.ng/themes/common/files/sitreps/5eadae1fe0222655731887f63de69523.pdf
2022-12-05,2022-12-11,2022,49,146,13,0,1,automated,2025-12-01T01:10:53.054411,https://ncdc.gov.ng/themes/common/files/sitreps/b21ef7f9dc32b4d2ef08c00f480dd522.pdf
2022-12-12,2022-12-18,2022,50,74,10,0,0,automated,2025-12-01T01:10:53.616323,https://ncdc.gov.ng/themes/common/files/sitreps/1bffa39cdea17880ccfac3684a1428dc.pdf
2022-12-19,2022-12-25,2022,51,147,17,0,1,manual,2025-12-01T02:00,https://ncdc.gov.ng/themes/common/files/sitreps/dc331668ad9d61ad827bc5a91ea2f39c.pdf
2022-12-26,2023-01-01,2022,52,79,12,0,0,manual,2025-12-01T02:00,https://ncdc.gov.ng/themes/common/files/sitreps/2fd923c3f16ae99e0ddbfa1ced8a0ae9.pdf
2023-01-02,2023-01-08,2023,1,104,30,0,1,manual,2025-12-01T02:00,https://ncdc.gov.ng/themes/common/files/sitreps/45eea750bb8f83e3d8a126e797c12842.pdf
2023-01-09,2023-01-15,2023,2,231,77,0,6,manual,2025-12-01T02:00,https://ncdc.gov.ng/themes/common/files/sitreps/2d79b38a9ecd082b8e867e5e31a40a40.pdf
2023-01-16,2023-01-22,2023,3,560,137,0,18,manual,2025-12-01T02:00,https://ncdc.gov.ng/themes/common/files/sitreps/ab646e11aa66f5a1c794667c89718fdd.pdf
2023-01-23,2023-01-29,2023,4,445,117,0,16,automated,2025-12-01T01:11:06.577643,https://ncdc.gov.ng/themes/common/files/sitreps/6c3b11e786fe10ede1b42106ff55ea6d.pdf
2023-01-30,2023-02-05,2023,5,455,106,1,15,automated,2025-12-01T01:11:07.057833,https://ncdc.gov.ng/themes/common/files/sitreps/959315bf2d31dd43de8c76f67126f9b0.pdf
2023-02-06,2023-02-12,2023,6,415,68,2,15,automated,2025-12-01T01:11:07.648004,https://ncdc.gov.ng/themes/common/files/sitreps/f512710099bce532d2c5161f414dacc3.pdf
2023-02-13,2023-02-19,2023,7,384,46,0,9,automated,2025-12-01T01:11:08.118352,https://ncdc.gov.ng/themes/common/files/sitreps/3a3ed0829df82e7efb703382a1a3c0b6.pdf
2023-02-20,2023-02-26,2023,8,351,59,0,10,automated,2025-12-01T01:11:08.625206,https://ncdc.gov.ng/themes/common/files/sitreps/97600da5e4608a34ec1ec84419e7bac7.pdf
2023-02-27,2023-03-05,2023,9,295,40,0,5,automated,2025-12-01T01:11:09.224144,https://ncdc.gov.ng/themes/common/files/sitreps/6423be550b4a48c66cccee2795d6ca5d.pdf
2023-03-06,2023-03-12,2023,10,292,70,0,19,automated,2025-12-01T01:11:09.707680,https://ncdc.gov.ng/themes/common/files/sitreps/731251db2b8825d8f872d80ff4ca0903.pdf
2023-03-13,2023-03-19,2023,11,268,38,0,14,automated,2025-12-01T01:11:10.196731,https://ncdc.gov.ng/themes/common/files/sitreps/d88888f2677c38f673c88c8756bb3ad1.pdf
2023-03-20,2023-03-26,2023,12,283,39,0,2,automated,2025-12-01T01:11:10.808502,https://ncdc.gov.ng/themes/common/files/sitreps/fd008bee0968c04b1946494d46b08bcd.pdf
2023-03-27,2023-04-02,2023,13,231,23,0,4,automated,2025-12-01T01:11:11.292704,https://ncdc.gov.ng/themes/common/files/sitreps/9a69104a01f2d1d2cdc28cb15a91fd18.pdf
2023-04-03,2023-04-09,2023,14,221,23,0,3,automated,2025-12-01T01:11:11.885444,https://ncdc.gov.ng/themes/common/files/sitreps/82ab3b38dcfb5e88463d82ffb21b3031.pdf
2023-04-10,2023-04-16,2023,15,149,9,0,1,automated,2025-12-01T01:11:12.364408,https://ncdc.gov.ng/themes/common/files/sitreps/95f3bc700a6d5ba35c14a9c70e157cd6.pdf
2023-04-17,2023-04-23,2023,16,206,20,0,2,manual,2025-12-01T02:00,https://ncdc.gov.ng/themes/common/files/sitreps/bfbb797ff3ce8d9fe8faf875957b51b1.pdf
2023-04-24,2023-04-30,2023,17,176,21,0,2,manual,2025-12-01T02:00,https://ncdc.gov.ng/themes/common/files/sitreps/0312a484c76a7aa1e10d5d0ce2cd603e.pdf
2023-05-01,2023-05-07,2023,18,134,10,1,2,automated,2025-12-01T01:11:17.760241,https://ncdc.gov.ng/themes/common/files/sitreps/4d1aa9cc68856d96ac7c9e3cd36ee393.pdf
2023-05-08,2023-05-14,2023,19,178,7,0,0,automated,2025-12-01T01:11:18.243458,https://ncdc.gov.ng/themes/common/files/sitreps/b4337bd1ae8eaa47d9f793a57ea1d680.pdf
2023-05-15,2023-05-21,2023,20,197,8,0,2,automated,2025-12-01T01:11:18.894193,https://ncdc.gov.ng/themes/common/files/sitreps/a7f59aa19043f7f8320fea655f009f52.pdf
2023-05-22,2023-05-28,2023,21,138,7,0,1,automated,2025-12-01T01:11:19.376945,https://ncdc.gov.ng/themes/common/files/sitreps/c0487b15689b6bc1bc3beddaffd34c30.pdf
2023-05-29,2023-06-04,2023,22,92,7,0,1,automated,2025-12-01T01:11:19.972647,https://ncdc.gov.ng/themes/common/files/sitreps/9e4140dda75e7d4be341e235b7ea16ec.pdf
2023-06-05,2023-06-11,2023,23,81,1,0,0,automated,2025-12-01T01:11:20.457033,https://ncdc.gov.ng/themes/common/files/sitreps/c95a4f75eb09ae34c2bf9a6ed7bf99b4.pdf
2023-06-12,2023-06-18,2023,24,97,1,0,1,manual,2025-12-01T02:00,https://ncdc.gov.ng/themes/common/files/sitreps/fd6697fe158c9484cde4bed458df2165.pdf
2023-06-19,2023-06-25,2023,25,149,10,0,3,automated,2025-12-01T01:11:23.435251,https://ncdc.gov.ng/themes/common/files/sitreps/713c5b4b49e63befb2cb822340590859.pdf
2023-06-26,2023-07-02,2023,26,90,10,1,0,automated,2025-12-01T01:11:23.919249,https://ncdc.gov.ng/themes/common/files/sitreps/622834a35a4d633df4ff292747c865fe.pdf
2023-07-03,2023-07-09,2023,27,108,6,1,0,automated,2025-12-01T01:11:24.555191,https://ncdc.gov.ng/themes/common/files/sitreps/7e52697a59d1228b232a6bf47fd84834.pdf
2023-07-10,2023-07-16,2023,28,119,10,0,1,automated,2025-12-01T01:11:25.043686,https://ncdc.gov.ng/themes/common/files/sitreps/1dc69238ca48e48a919c44b880cb31b0.pdf
2023-07-17,2023-07-23,2023,29,114,9,0,0,automated,2025-12-01T01:11:25.650528,https://ncdc.gov.ng/themes/common/files/sitreps/ae869c8ec811dc23ad0a28c33686f192.pdf
2023-07-24,2023-07-30,2023,30,117,12,0,6,mixed,2025-12-01T01:11:28.052668,https://ncdc.gov.ng/themes/common/files/sitreps/1b40aecdc7a9100797389299b2519a38.pdf
2023-07-31,2023-08-06,2023,31,64,7,0,0,mixed,2025-12-01T01:11:30.640457,https://ncdc.gov.ng/themes/common/files/sitreps/7674d2d603a61fbc2edac539ea2fef2c.pdf
2023-08-07,2023-08-13,2023,32,94,5,0,1,automated,2025-12-01T01:11:31.129852,https://ncdc.gov.ng/themes/common/files/sitreps/98c3d940753bdb9d9e1d4e351690c326.pdf
2023-08-14,2023-08-20,2023,33,82,9,0,2,automated,2025-12-01T01:11:31.779957,https://ncdc.gov.ng/themes/common/files/sitreps/34bc687035ef5e8b32d92191165792b7.pdf
2023-08-21,2023-08-27,2023,34,125,11,0,1,automated,2025-12-01T01:11:32.271919,https://ncdc.gov.ng/themes/common/files/sitreps/7e85289cf55818da6810ebee1f339f8f.pdf
2023-08-28,2023-09-03,2023,35,109,6,0,0,automated,2025-12-01T01:11:32.876846,https://ncdc.gov.ng/themes/common/files/sitreps/393479e44be567dfaae3718cceac01ab.pdf
2023-09-04,2023-09-10,2023,36,85,5,0,0,mixed,2025-12-01T01:11:35.297725,https://ncdc.gov.ng/themes/common/files/sitreps/eb3be271ad737d5ef29dd8a52225448d.pdf
2023-09-11,2023-09-17,2023,37,79,4,0,0,mixed,2025-12-01T01:11:37.820562,https://ncdc.gov.ng/themes/common/files/sitreps/bc53df7cded2c21974a9973e0ce17965.pdf
2023-09-18,2023-09-24,2023,38,107,4,0,1,manual,2025-12-01T12:00,https://ncdc.gov.ng/reports/weekly/2023/9/38
2023-09-25,2023-10-01,2023,39,96,9,0,1,automated,2025-12-01T01:11:38.476286,https://ncdc.gov.ng/themes/common/files/sitreps/8ec85b4cc38b1060199aa795b034ea64.pdf
2023-10-02,2023-10-08,2023,40,67,5,0,3,automated,2025-12-01T01:11:38.998410,https://ncdc.gov.ng/themes/common/files/sitreps/134f4dd53fafa964e4c24846504c3c76.pdf
2023-10-09,2023-10-15,2023,41,103,9,0,3,automated,2025-12-01T01:11:39.504325,https://ncdc.gov.ng/themes/common/files/sitreps/f9594a55d4f6a4e0de239863a1751576.pdf
2023-10-16,2023-10-22,2023,42,118,9,0,0,automated,2025-12-01T01:11:40.124960,https://ncdc.gov.ng/themes/common/files/sitreps/b3430561c3dc9f7ba19aeaee09c2a5e1.pdf
2023-10-23,2023-10-29,2023,43,124,3,0,0,automated,2025-12-01T01:11:40.614192,https://ncdc.gov.ng/themes/common/files/sitreps/e9cff4621b13e973b4c2cdc77b11a4c0.pdf
2023-10-30,2023-11-05,2023,44,117,8,0,0,automated,2025-12-01T01:11:41.106529,https://ncdc.gov.ng/themes/common/files/sitreps/b482bca0c7a383df195855537012c0ce.pdf
2023-11-06,2023-11-12,2023,45,95,12,0,4,automated,2025-12-01T01:11:41.704873,https://ncdc.gov.ng/themes/common/files/sitreps/2979a92c9b699451c798c80ae3e1be82.pdf
2023-11-13,2023-11-19,2023,46,125,17,0,2,automated,2025-12-01T01:11:42.200728,https://ncdc.gov.ng/themes/common/files/sitreps/601a808218115a180e9d282c839b51b6.pdf
2023-11-20,2023-11-26,2023,47,122,11,0,3,automated,2025-12-01T01:11:42.819690,https://ncdc.gov.ng/themes/common/files/sitreps/01c65f02fefea247e0d096de778993c7.pdf
2023-11-27,2023-12-03,2023,48,119,16,0,4,automated,2025-12-01T01:11:43.322649,https://ncdc.gov.ng/themes/common/files/sitreps/8bcd2913056c037cbc58d2a0e676f54c.pdf
2023-12-04,2023-12-10,2023,49,165,21,0,5,automated,2025-12-01T01:11:43.822476,https://ncdc.gov.ng/themes/common/files/sitreps/a45cf0bce3cf75b82dc8bde652f33f7f.pdf
2023-12-11,2023-12-17,2023,50,93,10,1,4,automated,2025-12-01T01:11:44.451392,https://ncdc.gov.ng/themes/common/files/sitreps/a5df267ceb133c02b91933ba9ce63431.pdf
2023-12-18,2023-12-24,2023,51,178,26,2,6,automated,2025-12-01T01:11:44.955375,https://ncdc.gov.ng/themes/common/files/sitreps/4e7858362325de8945ef3ecf69d2d440.pdf
2023-12-25,2023-12-31,2023,52,177,43,0,11,automated,2025-12-01T01:11:45.585737,https://ncdc.gov.ng/themes/common/files/sitreps/60b4a539bd9b9852ac1a5059ec0f3433.pdf
2024-01-01,2024-01-07,2024,1,190,53,0,6,automated,2025-12-01T01:11:46.069637,https://ncdc.gov.ng/themes/common/files/sitreps/163cac9f88252f4e06b5b063512262b4.pdf
2024-01-08,2024-01-14,2024,2,296,81,0,16,manual,2025-12-01T02:00,https://ncdc.gov.ng/themes/common/files/sitreps/8b8bf6f65fd442f2d089922019955cbb.pdf
2024-01-15,2024-01-21,2024,3,406,77,3,21,manual,2025-12-01T02:00,https://ncdc.gov.ng/themes/common/files/sitreps/77bb5c41d4b2694841c51554510e5fcf.pdf
2024-01-22,2024-01-28,2024,4,347,47,3,5,automated,2025-12-01T01:11:51.673205,https://ncdc.gov.ng/themes/common/files/sitreps/dbe3c973ec2bc07e75941caf7ee12a4d.pdf
2024-01-29,2024-02-04,2024,5,429,70,3,15,automated,2025-12-01T01:11:52.125225,https://ncdc.gov.ng/themes/common/files/sitreps/546ce6b93544ae1acdd270482eb5067e.pdf
2024-02-05,2024-02-11,2024,6,453,83,0,9,automated,2025-12-01T01:11:52.619130,https://ncdc.gov.ng/themes/common/files/sitreps/8a0ec23ad67a7a2fed558574e3a9ce7e.pdf
2024-02-12,2024-02-18,2024,7,507,66,0,13,automated,2025-12-01T01:11:53.002953,https://ncdc.gov.ng/themes/common/files/sitreps/3702b20687cb7bea4834b4a2db1a13ac.pdf
2024-02-19,2024-02-25,2024,8,585,96,3,23,automated,2025-12-01T01:11:53.456298,https://ncdc.gov.ng/themes/common/files/sitreps/5b306da6313123f8265283fdfc916d8c.pdf
2024-02-26,2024-03-03,2024,9,694,109,0,20,automated,2025-12-01T01:11:54.036657,https://ncdc.gov.ng/themes/common/files/sitreps/771095edb4d02d5965b888ad21b43244.pdf
2024-03-04,2024-03-10,2024,10,490,50,0,10,automated,2025-12-01T01:11:54.486923,https://ncdc.gov.ng/themes/common/files/sitreps/865a02f480603684deec0985d34b4af3.pdf
2024-03-11,2024-03-17,2024,11,325,35,0,4,automated,2025-12-01T01:11:55.058075,https://ncdc.gov.ng/themes/common/files/sitreps/791c808243b0838371d6917f12c5d565.pdf
2024-03-18,2024-03-24,2024,12,303,25,0,6,automated,2025-12-01T01:11:55.550844,https://ncdc.gov.ng/themes/common/files/sitreps/44fa0f278f25180d5206ce53c964f490.pdf
2024-03-25,2024-03-31,2024,13,266,15,0,1,manual,2025-12-01T02:00,https://ncdc.gov.ng/themes/common/files/sitreps/1aabc83ea46f825a772894b4a53ab870.pdf
2024-04-01,2024-04-07,2024,14,180,11,0,0,automated,2025-12-01T01:11:58.541777,https://ncdc.gov.ng/themes/common/files/sitreps/5eef9af2eb3577d6473b13f6daaa58b8.pdf
2024-04-08,2024-04-14,2024,15,188,15,0,1,automated,2025-12-01T01:11:59.154728,https://ncdc.gov.ng/themes/common/files/sitreps/9fbe087b759706fc2edfd67e8999cf52.pdf
2024-04-15,2024-04-21,2024,16,135,14,0,1,automated,2025-12-01T01:11:59.610244,https://ncdc.gov.ng/themes/common/files/sitreps/ea1bb56e795d90f28c78d38cfc3b2284.pdf
2024-04-22,2024-04-28,2024,17,135,14,0,1,automated,2025-12-01T01:12:00.063421,https://ncdc.gov.ng/themes/common/files/sitreps/ea1bb56e795d90f28c78d38cfc3b2284.pdf
2024-04-29,2024-05-05,2024,18,143,12,0,1,automated,2025-12-01T01:12:00.644250,https://ncdc.gov.ng/themes/common/files/sitreps/0a5b79cb766a64f93a8f2e2738b29656.pdf
2024-05-06,2024-05-12,2024,19,120,14,0,3,automated,2025-12-01T01:12:01.097475,https://ncdc.gov.ng/themes/common/files/sitreps/dca58aa670efeac35dd915e6a6bdaf2c.pdf
2024-05-13,2024-05-19,2024,20,119,4,0,2,automated,2025-12-01T01:12:01.701133,https://ncdc.gov.ng/themes/common/files/sitreps/288045e09091e2b954f6e8d2c26eabcc.pdf
2024-05-20,2024-05-26,2024,21,119,10,0,0,automated,2025-12-01T01:12:02.186158,https://ncdc.gov.ng/themes/common/files/sitreps/660fee31cd7bc5b0fb59481dd4126c50.pdf
2024-05-27,2024-06-02,2024,22,128,10,0,0,manual,2025-12-01T02:00,https://ncdc.gov.ng/themes/common/files/sitreps/e1ca38bacd44651afe2a90c4d6b89e2a.pdf
2024-06-03,2024-06-09,2024,23,112,4,0,0,automated,2025-12-01T01:12:05.184826,https://ncdc.gov.ng/themes/common/files/sitreps/9ee88a22bf981dead26e6795ea3f8fd0.pdf
2024-06-10,2024-06-16,2024,24,124,7,0,0,automated,2025-12-01T01:12:05.802307,https://ncdc.gov.ng/themes/common/files/sitreps/1eb24fee275466e4675d0c558538c5bb.pdf
2024-06-17,2024-06-23,2024,25,74,2,0,0,manual,2025-12-01T02:00,https://ncdc.gov.ng/themes/common/files/sitreps/b504223c6cfc42faba0f73b8f44cf7f0.pdf
2024-06-24,2024-06-30,2024,26,117,8,0,0,manual,2025-12-01T02:00,https://ncdc.gov.ng/themes/common/files/sitreps/b21e2fbaf35c67370488320234f0b5cb.pdf
2024-07-01,2024-07-07,2024,27,102,5,0,1,manual,2025-12-01T02:00,https://ncdc.gov.ng/themes/common/files/sitreps/5f0b9d75befc8ec93a94b3940837a4f8.pdf
2024-07-08,2024-07-14,2024,28,126,7,0,0,manual,2025-12-01T02:00,https://ncdc.gov.ng/themes/common/files/sitreps/64d6756b417890807be0f8c4bccc1bb0.pdf
2024-07-15,2024-07-21,2024,29,160,11,0,0,manual,2025-12-01T02:00,https://ncdc.gov.ng/themes/common/files/sitreps/344e68ee3739d342f4d6bb1e9cceb128.pdf
2024-07-22,2024-07-28,2024,30,111,7,0,0,manual,2025-12-01T02:00,https://ncdc.gov.ng/themes/common/files/sitreps/8204f6b1384af03de41a79f9e0553bfc.pdf
2024-07-29,2024-08-04,2024,31,85,3,0,1,automated,2025-12-01T01:12:21.230336,https://ncdc.gov.ng/themes/common/files/sitreps/a6999d49053a25bc7882a06fa81cfe1e.pdf
2024-08-05,2024-08-11,2024,32,164,10,0,0,automated,2025-12-01T01:12:21.864184,https://ncdc.gov.ng/themes/common/files/sitreps/cf560b7e397cb8f9bf9174ca31d092b7.pdf
2024-08-12,2024-08-18,2024,33,126,8,0,2,automated,2025-12-01T01:12:22.353941,https://ncdc.gov.ng/themes/common/files/sitreps/0272ed7be84c61cc890f3dcd67c4bdcc.pdf
2024-08-19,2024-08-25,2024,34,80,3,0,0,automated,2025-12-01T01:12:22.954120,https://ncdc.gov.ng/themes/common/files/sitreps/2de8007a4a8063517fe7216c71530289.pdf
2024-08-26,2024-09-01,2024,35,79,11,0,1,automated,2025-12-01T01:12:23.451972,https://ncdc.gov.ng/themes/common/files/sitreps/4989db9eca1f8ff7cb97c1f191260be0.pdf
2024-09-02,2024-09-08,2024,36,87,7,0,0,automated,2025-12-01T01:12:23.940659,https://ncdc.gov.ng/themes/common/files/sitreps/63bab26900ca4beb3b9b6827632777de.pdf
2024-09-09,2024-09-15,2024,37,115,5,0,1,automated,2025-12-01T01:12:24.563250,https://ncdc.gov.ng/themes/common/files/sitreps/7ef98dd290a65f04f1b1a3c5914c9b0c.pdf
2024-09-16,2024-09-22,2024,38,70,4,0,1,automated,2025-12-01T01:12:25.017657,https://ncdc.gov.ng/themes/common/files/sitreps/16fa44e88eb1be9b49c7d6ad5166c722.pdf
2024-09-23,2024-09-29,2024,39,90,9,0,1,automated,2025-12-01T01:12:25.585649,https://ncdc.gov.ng/themes/common/files/sitreps/f05dc05cd9a8bfcf8115db65b60a98ae.pdf
2024-09-30,2024-10-06,2024,40,73,7,0,2,automated,2025-12-01T01:12:26.028742,https://ncdc.gov.ng/themes/common/files/sitreps/80c9c7639fc9e969a1c470518308a7dd.pdf
2024-10-07,2024-10-13,2024,41,85,10,0,0,automated,2025-12-01T01:12:26.487910,https://ncdc.gov.ng/themes/common/files/sitreps/781e41484270a1cc24a7e5655af395df.pdf
2024-10-14,2024-10-20,2024,42,112,12,0,0,automated,2025-12-01T01:12:27.121883,https://ncdc.gov.ng/themes/common/files/sitreps/05156a13ec688981cc19e4d11108e8aa.pdf
2024-10-21,2024-10-27,2024,43,99,8,0,1,automated,2025-12-01T01:12:27.640165,https://ncdc.gov.ng/themes/common/files/sitreps/0c7a93380102de75e327513ea6a405e6.pdf
2024-10-28,2024-11-03,2024,44,70,4,0,0,automated,2025-12-01T01:12:28.264433,https://ncdc.gov.ng/themes/common/files/sitreps/911e458b3f01506aea70a408f43161a5.pdf
2024-11-04,2024-11-10,2024,45,109,10,0,0,automated,2025-12-01T01:12:28.803517,https://ncdc.gov.ng/themes/common/files/sitreps/0aa015568b0325ccac29573ecf89b8fd.pdf
2024-11-11,2024-11-17,2024,46,123,8,0,0,automated,2025-12-01T01:12:29.304742,https://ncdc.gov.ng/themes/common/files/sitreps/1f6833689c121d72ba41839554164d6a.pdf
2024-11-18,2024-11-24,2024,47,133,12,0,4,automated,2025-12-01T01:12:29.935726,https://ncdc.gov.ng/themes/common/files/sitreps/710c10d1248bdad4de05d44db991d1d5.pdf
2024-11-25,2024-12-01,2024,48,140,26,3,5,automated,2025-12-01T01:12:30.442416,https://ncdc.gov.ng/themes/common/files/sitreps/faef7bf3bf32d686a2eb4c462c99ac97.pdf
2024-12-02,2024-12-08,2024,49,157,39,0,6,automated,2025-12-01T01:12:31.082658,https://ncdc.gov.ng/themes/common/files/sitreps/ebc66f0db1f2ac955fa991a6fcdf61ca.pdf
2024-12-09,2024-12-15,2024,50,193,33,0,1,automated,2025-12-01T01:12:31.590170,https://ncdc.gov.ng/themes/common/files/sitreps/8de8aa6497873b55a1011465a2b92902.pdf
2024-12-16,2024-12-22,2024,51,187,50,0,11,automated,2025-12-01T01:12:32.108049,https://ncdc.gov.ng/themes/common/files/sitreps/d0296af1f291289fb1fa7d686d1faa32.pdf
2024-12-23,2024-12-29,2024,52,226,70,3,11,automated,2025-12-01T01:12:32.750056,https://ncdc.gov.ng/themes/common/files/sitreps/a45a720bd6ddd1e75a5a3e7e6195e412.pdf
2024-12-30,2025-01-05,2025,1,196,54,0,10,automated,2025-12-01T01:12:33.250174,https://ncdc.gov.ng/themes/common/files/sitreps/1bded1685f8dc4961a169a274be138c2.pdf
2025-01-06,2025-01-12,2025,2,290,89,0,12,automated,2025-12-01T01:12:33.756286,https://ncdc.gov.ng/themes/common/files/sitreps/4fb9445cb9e30a27518dfca3224b0c1f.pdf
2025-01-13,2025-01-19,2025,3,359,71,0,17,automated,2025-12-01T01:12:34.376856,https://ncdc.gov.ng/themes/common/files/sitreps/f5f00c41816f216f0118481848a57699.pdf
2025-01-20,2025-01-26,2025,4,328,76,0,12,automated,2025-12-01T01:12:34.872710,https://ncdc.gov.ng/themes/common/files/sitreps/8f9df00ca43527c4507c6b1db208cd3b.pdf
2025-01-27,2025-02-02,2025,5,379,68,0,17,automated,2025-12-01T01:12:35.484115,https://ncdc.gov.ng/themes/common/files/sitreps/2461908c2038dda5866c159c5146ab03.pdf
2025-02-03,2025-02-09,2025,6,363,54,0,10,automated,2025-12-01T01:12:35.987449,https://ncdc.gov.ng/themes/common/files/sitreps/d84698b45d03dafb399e97fa8379c4d5.pdf
2025-02-10,2025-02-16,2025,7,267,38,0,9,automated,2025-12-01T01:12:36.379872,https://ncdc.gov.ng/themes/common/files/sitreps/fef1494f70b0a5330dc39f362b6c5dd6.pdf
2025-02-17,2025-02-23,2025,8,314,54,0,6,automated,2025-12-01T01:12:37.013311,https://ncdc.gov.ng/themes/common/files/sitreps/7be5c90f4529e8facefb0df1702374a3.pdf
2025-02-24,2025-03-02,2025,9,236,29,0,5,automated,2025-12-01T01:12:37.523033,https://ncdc.gov.ng/themes/common/files/sitreps/f8d434bb9371973f7fa3f097d381c83e.pdf
2025-03-03,2025-03-09,2025,10,232,28,1,3,automated,2025-12-01T01:12:38.146713,https://ncdc.gov.ng/themes/common/files/sitreps/d6108967136678d07af6d2495112cc93.pdf
2025-03-10,2025-03-16,2025,11,262,40,0,10,automated,2025-12-01T01:12:38.694203,https://ncdc.gov.ng/themes/common/files/sitreps/fa454efab576bc6a9e540003907b9025.pdf
2025-03-17,2025-03-23,2025,12,262,41,1,6,automated,2025-12-01T01:12:39.216653,https://ncdc.gov.ng/themes/common/files/sitreps/f584060364d537ad3f332aa185b5513d.pdf
2025-03-24,2025-03-30,2025,13,315,14,0,3,automated,2025-12-01T01:12:39.857999,https://ncdc.gov.ng/themes/common/files/sitreps/fac2ebeb767cd3f68a0dcf5ef03d83a5.pdf
2025-03-31,2025-04-06,2025,14,246,15,0,5,automated,2025-12-01T01:12:40.373232,https://ncdc.gov.ng/themes/common/files/sitreps/989549e00cb6d5f5f452188dd2a3f172.pdf
2025-04-07,2025-04-13,2025,15,231,12,0,1,automated,2025-12-01T01:12:41.015806,https://ncdc.gov.ng/themes/common/files/sitreps/a128370a130043e5cb28adadf3695333.pdf
2025-04-14,2025-04-20,2025,16,258,10,0,3,automated,2025-12-01T01:12:41.522449,https://ncdc.gov.ng/themes/common/files/sitreps/9cff3b3bd159dec6021abf7991ca3907.pdf
2025-04-21,2025-04-27,2025,17,160,11,0,3,automated,2025-12-01T01:12:42.026728,https://ncdc.gov.ng/themes/common/files/sitreps/1f9e7904281a1212851763a4fb0a07d4.pdf
2025-04-28,2025-05-04,2025,18,209,10,0,3,automated,2025-12-01T01:12:42.663657,https://ncdc.gov.ng/themes/common/files/sitreps/b96af4fbec2627dc1eca4b400343860e.pdf
2025-05-05,2025-05-11,2025,19,82,3,0,2,automated,2025-12-01T01:12:43.179507,https://ncdc.gov.ng/themes/common/files/sitreps/75d6383a349cd68e560d9d6586ba2d18.pdf
2025-05-12,2025-05-18,2025,20,155,13,0,1,automated,2025-12-01T01:12:43.815752,https://ncdc.gov.ng/themes/common/files/sitreps/b2fba7b3b04f94dcf90281fed621b99a.pdf
2025-05-19,2025-05-25,2025,21,124,6,0,0,automated,2025-12-01T01:12:44.322693,https://ncdc.gov.ng/themes/common/files/sitreps/c398356c72062146d7573f4ec16c219e.pdf
2025-05-26,2025-06-01,2025,22,155,8,0,0,automated,2025-12-01T01:12:44.826652,https://ncdc.gov.ng/themes/common/files/sitreps/573e9c67be359f1c204e1fa1095ca796.pdf
2025-06-02,2025-06-08,2025,23,146,11,0,1,automated,2025-12-01T01:12:45.467703,https://ncdc.gov.ng/themes/common/files/sitreps/7b65e9135fa79ffb3700a69aed6102bd.pdf
2025-06-09,2025-06-15,2025,24,138,8,0,2,automated,2025-12-01T01:12:45.978823,https://ncdc.gov.ng/themes/common/files/sitreps/17f59c56d38345b9f7de4c38b5838e4d.pdf
2025-06-16,2025-06-22,2025,25,197,10,0,0,automated,2025-12-01T01:12:46.593263,https://ncdc.gov.ng/themes/common/files/sitreps/adc1cf16209e291bef9951dbd8e29148.pdf
2025-06-23,2025-06-29,2025,26,148,9,0,3,automated,2025-12-01T01:12:47.141005,https://ncdc.gov.ng/themes/common/files/sitreps/0af4baa92621f81bb9b88375fa0366fa.pdf
2025-06-30,2025-07-06,2025,27,149,11,0,3,automated,2025-12-01T01:12:47.645529,https://ncdc.gov.ng/themes/common/files/sitreps/f71674b95faa623bb9842d7f8603775a.pdf
2025-07-07,2025-07-13,2025,28,265,11,0,1,automated,2025-12-01T01:12:48.282771,https://ncdc.gov.ng/themes/common/files/sitreps/953e057e6d9e1773395f58004c1fdc65.pdf
2025-07-14,2025-07-20,2025,29,120,11,0,3,automated,2025-12-01T01:12:48.833854,https://ncdc.gov.ng/themes/common/files/sitreps/6b00dee2daebb22ba349bc3cc6664840.pdf
2025-07-21,2025-07-27,2025,30,91,3,0,0,automated,2025-12-01T01:12:49.331097,https://ncdc.gov.ng/themes/common/files/sitreps/3560e6789d452acc5b8ecc6fb772829e.pdf
2025-07-28,2025-08-03,2025,31,96,9,0,1,automated,2025-12-01T01:12:49.955463,https://ncdc.gov.ng/themes/common/files/sitreps/2315e23e53aee258f9e0bea4c071bf14.pdf
2025-08-04,2025-08-10,2025,32,86,12,0,3,automated,2025-12-01T01:12:50.466220,https://ncdc.gov.ng/themes/common/files/sitreps/bd740aca13b8e8b3d1f843595d194592.pdf
2025-08-11,2025-08-17,2025,33,94,5,0,0,automated,2025-12-01T01:12:51.098050,https://ncdc.gov.ng/themes/common/files/sitreps/aa4bc98fb7a8256a02bfad73167c5575.pdf
2025-08-18,2025-08-24,2025,34,126,3,0,1,automated,2025-12-01T01:12:51.598894,https://ncdc.gov.ng/themes/common/files/sitreps/01fa4b52589086bf75895be3d6946b56.pdf
2025-08-25,2025-08-31,2025,35,125,10,0,2,automated,2025-12-01T01:12:52.105212,https://ncdc.gov.ng/themes/common/files/sitreps/c2d64b8e1e79e9c567f64e162bc4c7e8.pdf
2025-09-01,2025-09-07,2025,36,147,13,0,2,automated,2025-12-01T01:12:52.742769,https://ncdc.gov.ng/themes/common/files/sitreps/1c71b9e603060417404f0ecc9aabd746.pdf
2025-09-08,2025-09-14,2025,37,146,11,0,2,automated,2025-12-01T01:12:53.252734,https://ncdc.gov.ng/themes/common/files/sitreps/8ce0c6f500bad860e93baa694da23a62.pdf
2025-09-15,2025-09-21,2025,38,118,11,0,2,automated,2025-12-01T01:12:53.753671,https://ncdc.gov.ng/themes/common/files/sitreps/bc2702d096dea7bcb5f8cb520aefba7c.pdf
2025-09-22,2025-09-28,2025,39,115,4,0,0,automated,2025-12-01T01:12:54.383886,https://ncdc.gov.ng/themes/common/files/sitreps/29888ec0c2dd10ca4cf0bef3814d0a81.pdf
2025-09-29,2025-10-05,2025,40,117,13,0,4,automated,2025-12-01T01:12:54.873297,https://ncdc.gov.ng/themes/common/files/sitreps/ded728ef465f33739ad7928d327a2929.pdf
2025-10-06,2025-10-12,2025,41,100,11,0,2,automated,2025-12-01T01:12:55.493913,https://ncdc.gov.ng/themes/common/files/sitreps/68f0ee9000f3084b74ed892be0d3f79f.pdf
2025-10-13,2025-10-19,2025,42,116,9,0,1,automated,2025-12-01T01:12:56.002910,https://ncdc.gov.ng/themes/common/files/sitreps/91f559d691c7cd411f7058f1496eef6f.pdf
2025-10-20,2025-10-26,2025,43,97,11,0,1,automated,2025-12-01T01:12:56.505757,https://ncdc.gov.ng/themes/common/files/sitreps/55b33161bbfe39fd72039808875e5c45.pdf
2025-10-27,2025-11-02,2025,44,94,12,0,1,automated,2025-12-01T01:12:57.136418,https://ncdc.gov.ng/themes/common/files/sitreps/9910b5860f5b9c377cf14a8992d6905b.pdf
2025-11-03,2025-11-09,2025,45,84,10,0,1,automated,2025-12-01T01:12:57.641656,https://ncdc.gov.ng/themes/common/files/sitreps/471dd6384cd4f288167c0881efee40ee.pdf
2025-11-10,2025-11-16,2025,46,123,19,0,6,automated,2025-12-01T01:12:58.267350,https://ncdc.gov.ng/themes/common/files/sitreps/65b81d453825965fc88b202a61101c4f.pdf
2025-11-17,2025-11-23,2025,47,119,17,0,1,mixed,2026-01-22T01:28,https://ncdc.gov.ng/themes/common/files/sitreps/a4ffde537175d4dde3b786a88854832d.pdf
2025-11-24,2025-11-30,2025,48,96,24,0,2,mixed,2026-01-22T01:28,https://ncdc.gov.ng/themes/common/files/sitreps/a4ffde537175d4dde3b786a88854832d.pdf
2025-12-01,2025-12-07,2025,49,143,33,0,8,mixed,2026-01-22T01:28,https://ncdc.gov.ng/themes/common/files/sitreps/1ac1418be41afb9984e7c7163982874b.pdf
2025-12-08,2025-12-14,2025,50,123,28,0,6,mixed,2026-01-22T01:28,https://ncdc.gov.ng/themes/common/files/sitreps/ca8fd67dc5b2d1fe0566e9933c54ebab.pdf
2025-12-15,2025-12-21,2025,51,105,21,2,5,mixed,2026-01-22T01:28,https://ncdc.gov.ng/themes/common/files/sitreps/070ffa8b11f8e6170bb61854b22b06cb.pdf
2025-12-22,2025-12-28,2025,52,101,27,0,9,mixed,2026-01-22T01:28,https://ncdc.gov.ng/themes/common/files/sitreps/04beb529df54f4ceb99ac291842640b4.pdf